Species,A,Winf
Doryteuthis gahi,15.7513602935579,130
Doryteuthis pealeii,33.4044699220152,1527.660269
Dosidicus gigas,45.131045478201,65000
Illex argentinus,48.5006182761584,875.5323211
Loligo forbesii,18.5554825853866,7100.909121
Loligo opalescens,20.9552054277898,225.9285946
Loligo vulgaris,16.5170670370733,1176.624833
Martialia hyadesi,18.7781754506656,1311.01574
Sepioteuthis lessoniana,49.2289872843317,1000
Thysanoteuthis rhombus,41.8014007107751,30000
